{
  "project_info": {
    "project_number": "294076654170",
    "project_id": "belajar-firebase-af6c8",
    "storage_bucket": "belajar-firebase-af6c8.appspot.com"
  },
  "client": [
    {
      "client_info": {
        "mobilesdk_app_id": "1:294076654170:android:cad6cc5a3df692edec2e63",
        "android_client_info": {
          "package_name": "com.example.belajarfirebase"
        }
      },
      "oauth_client": [],
      "api_key": [
        {
          "current_key": "AIzaSyAGS8Pjfo18BLCpErIkPH_Ji0XsTrfOF34"
        }
      ],
      "services": {
        "appinvite_service": {
          "other_platform_oauth_client": []
        }
      }
    }
  ],
  "configuration_version": "1"
}